resting_hr,vo2max,hrv_sdnn,step_count,sleep_duration
56.23534715960324,39.56279411764706,64.98992575502444,116.80339199183882,25.809279741237248
